INSERT INTO students_group(group_id) VALUE
	(1),
    (2),
    (3),
    (4),
    (5),
    (6),
    (7),
    (8),
    (9),
    (10);
    

insert into student(student_id, full_name, year, group_id) values
	(1, "Спиридонова Дарья Степановна", 1, 1),
	(2, "Мальцев Александр Артёмович", 2, 2),
	(3, "Овчинников Леонид Макарович", 3, 3),
	(4, "Прохоров Кирилл Никитич", 4, 4),
	(5, "Титов Демид Кириллович", 5, 5),
	(6, "Филиппов Максим Владиславович", 1, 6),
	(7, "Бондарев Даниил Ярославович", 2, 7),
	(8, "Новикова Мария Петровна", 3, 8),
	(9, "Орлов Фёдор Иванович", 4, 9),
	(10, "Зуев Тимофей Андреевич", 5, 10),
    (11, "Фадеева Варвара Артёмовна", 1, 1),
	(12, "Кузьмина Дарина Сергеевна ", 2, 2),
	(13, "Мартынов Илья Кириллович", 3, 3),
	(14, "Борисов Даниил Кириллович", 4, 4),
	(15, "Ильин Виктор Святославович", 5, 5),
	(16, "Сорокин Илья Кириллович", 1, 6),
	(17, "Романов Михаил Александрович", 2, 7),
	(18, "Смирнова Вера Руслановна", 3, 8),
	(19, "Исаева Василиса Мирославовна", 4, 9),
	(20, "Крюков Никита Романович", 5, 10),
    (21, "Нефедов Артём Егорович", 1, 1),
	(22, "Устинов Александр Артёмович ", 2, 2),
	(23, "Тихонов Дмитрий Никитич", 3, 3),
	(24, "Никитина Таисия Николаевна", 4, 4),
	(25, "Егорова Варвара Всеволодовна", 5, 5),
	(26, "Ткачева Виктория Ильинична", 1, 6),
	(27, "Власов Михаил Павлович", 2, 7),
	(28, "Воронова Мила Платоновна", 3, 8),
	(29, "Васильев Лев Романович", 4, 9),
	(30, "Волков Тимур Петрович", 5, 10);

insert into contract(contract_id, type, company, student_id) values
	(1, "Целевое", "Яндекс", 1),
    (2, "Целевое", "ВКонтакте", 4),
    (3, "Целевое", "Тинькофф", 7),
    (4, "Целевое", "Яндекс", 10),
    (5, "Целевое", "ВКонтакте", 13),
    (6, "Целевое", "Тинькофф", 16),
    (7, "Целевое", "Яндекс", 19),
    (8, "Целевое", "ВКонтакте", 21),
    (9, "Целевое", "Тинькофф", 24),
    (10, "Целевое", "Яндекс", 27);

insert into contract(contract_id, company, student_id) values
    (11, "Бюджет", 2),
    (12, "Бюджет", 3),
    (13, "Бюджет", 5),
    (14, "Бюджет", 6),
    (15, "Бюджет", 8),
    (16, "Платное", 9),
    (17, "Платное", 11),
    (18, "Платное", 12),
    (19, "Платное", 14),
    (20, "Платное", 15);

insert into category(category_id, name, scholarship) values
	(1, "Неудовлетворительно", 0),
    (2, "Удовлетворительно", 0),
    (3, "Хорошо", 2500),
    (4, "Хорошо и отлично", 3150),
    (5, "Отлично", 3800);

insert session_result(semester, student_id, category_id) values
	(1, 1, 5),
    (2, 1, 4),
    (4, 2, 2),
    (3, 2, 2),
    (5, 3, 3),
    (6, 3, 3),
    (7, 4, 4),
    (8, 4, 4),
    (9, 5, 5),
    (10, 5, 5),
    (2, 6, 1),
    (1, 6, 1),
    (4, 7, 2),
    (3, 7, 2),
    (6, 8, 3),
    (5, 8, 3),
	(7, 9, 4),
    (8, 9, 4),
    (9, 10, 5),
    (10, 10, 5),
    (1, 11, 1),
    (3, 12, 2),
    (5, 13, 3),
    (7, 14, 4),
    (9, 15, 5),
    (2, 16, 1),
    (4, 17, 2),
    (6, 18, 3),
    (8, 19, 4),
    (10, 20, 5),
    (1, 21, 1),
    (3, 22, 2),
    (5, 23, 3),
    (7, 24, 4),
    (9, 25, 5),
    (2, 26, 1),
    (4, 27, 2),
    (6, 28, 3),
    (8, 29, 4),
    (10, 30, 5);

